Workbook

Sheet README
A1: ICHNOS — Sensitivity Analysis (Φάση 3 → Φάση 4)
A2: Marifylli · dry lab · ενημερώθηκε 2026-08-22
A4: ΣΚΟΠΟΣ
A5: One-at-a-time (OAT) sensitivity analysis πάνω στο merged μοντέλο, για τρεις παραμέτρους: Kd_TIP-TetR, K_R, n. Τα sweeps τρέχουν ΞΕΧΩΡΙΣΤΑ για κάθε variant (ox = οξειδωτικό, er = ER) — δύο διαφορετικά κύτταρα/κυκλώματα (CONFIRMED wet lab 2026-07-31), άρα δύο ανεξάρτητα σετ αποτελεσμάτων.
A7: ⚠️ ΕΞΟΔΟΣ ΤΟΥ ΜΟΝΤΕΛΟΥ — ΔΙΑΒΑΣΕ ΠΡΙΝ ΤΡΕΞΕΙΣ
A8: Η έξοδος των sweeps είναι το Observed_Green (η μετρούμενη ένταση του πράσινου καναλιού, διορθωμένη για FRET). ΟΧΙ το Measured_Ratio_RG. Ο reporter είναι tandem fluorescent timer (mCherry-sfGFP, Khmelinskii et al. 2012). Ο λόγος κόκκινου/πράσινου είναι ΕΞ ΟΡΙΣΜΟΥ ανεξάρτητος του ρυθμού παραγωγής (Supplementary Note 4, E18/E25) — αναφέρει τον ρυθμό απώλειας k, όχι τη δραστικότητα του προαγωγέα. Επαληθεύτηκε αριθμητικά: fold-change = 1.0000000 σε 180× μεταβολή του P. Αν χρησιμοποιηθεί ως έξοδος, ΟΛΑ τα S βγαίνουν 0 χωρίς κανένα σφάλμα. Το Measured_Ratio_RG διατηρείται ως ΑΝΕΞΑΡΤΗΤΟ readout (χρόνος ζωής πρωτεΐνης / ρυθμός ανάπτυξης), όχι ως μετρικό γραμμικοποίησης.
A10: ΜΕΘΟΔΟΣ
A11: Για κάθε παράμετρο κρατάμε τις άλλες δύο στο baseline τους και μεταβάλλουμε μόνο τη μία. Για ΚΑΘΕ τιμή παραμέτρου τρέχουμε ΟΛΟΚΛΗΡΟ το πλέγμα επιπέδων στρες (βλ. φύλλο 'Πλέγμα_Στρες') και υπολογίζουμε τα τρία μετρικά από την προκύπτουσα καμπύλη dose-response. Τα πλέγματα των παραμέτρων δεν είναι ενιαία log-scale: το n είναι βιολογικά περιορισμένο στο 2–4 (2 tetO sites), ενώ τα binding constants σαρώνονται σε τάξεις μεγέθους. Τα ακριβή πλέγματα φαίνονται στα αντίστοιχα φύλλα — αυτή η παράγραφος ΔΕΝ τα επαναλαμβάνει, ώστε να μη ξαναποκλίνουν.
A13: ΤΡΙΑ ΜΕΤΡΙΚΑ (και γιατί τρία)
A14: 1. R² (γραμμικό fit) — ΠΡΩΤΕΥΟΝ. Ίδιο μετρικό με Nevozhay et al. (2009 PNAS). Πάνω σε αυτό βασίζεται η κατάταξη. 2. Hill n_eff της εξόδου — συμπληρωματικό, μηχανιστική διαφάνεια (n_eff→1 = πλήρης γραμμικοποίηση). 3. fold-change (max/min της εξόδου) — ΝΕΟ. Τα δύο πρώτα είναι μετρικά ΣΧΗΜΑΤΟΣ: κανονικοποιημένα, τυφλά στο πλάτος. Επαληθεύτηκε ότι σε 4 τάξεις μεγέθους του Kd τα n_eff και R² μένουν σχεδόν ακίνητα ενώ το δυναμικό εύρος αλλάζει 14×. Χωρίς τρίτο μετρικό η ανάλυση θα κατέληγε «το Kd δεν επηρεάζει τίποτα» — ενώ το Kd καθορίζει αν το σήμα είναι καν ανιχνεύσιμο.
A16: ΜΕΤΡΙΚΟ ΕΥΑΙΣΘΗΣΙΑΣ
A17: S = (ΔΜετρική / Μετρική_baseline) / (ΔΠαράμετρος / Παράμετρος_baseline) — αδιάστατο. Rabitz, Kramer & Dacol (1983), Annu Rev Phys Chem 34:419–461. ⚠️ ΠΕΡΙΟΡΙΣΜΟΣ ΣΥΓΚΡΙΣΙΜΟΤΗΤΑΣ: το S κανονικοποιεί με το σχετικό βήμα της παραμέτρου. Παίρνοντας MAX|S| σε όλο το πλέγμα, κερδίζει πάντα το σημείο με το μικρότερο βήμα — δηλαδή η παράμετρος με το στενότερο εύρος. Με τα πλέγματα εδώ, για ΙΔΙΑ πραγματική ευαισθησία το n θα έβγαινε ~7× πάνω από το K_R και ~70× πάνω από το Kd, καθαρά από τη σχεδίαση. ΓΙ' ΑΥΤΟ: η κατάταξη βασίζεται στο S στο ΚΟΙΝΟ ΣΗΜΕΙΟ ×0.75 (−25% από το baseline), που υπάρχει και στα τρία πλέγματα. Το MAX|S| διατηρείται ως ΔΙΑΓΝΩΣΤΙΚΗ στήλη μόνο — δεν καθορίζει την κατάταξη.
... A26: Η ανάλυση ευαισθησίας απαντά: «πόσο ΕΥΑΙΣΘΗΤΗ είναι η γραμμικοποίηση στις παραμέτρους;» — δηλαδή ευρωστία. ΔΕΝ απαντά: «γραμμικοποιεί το κύκλωμα;». Αυτό απαιτεί τον ΜΑΡΤΥΡΑ ΧΩΡΙΣ ΑΝΑΔΡΑΣΗ (φύλλο 'Μάρτυρας_ΧωρίςΑνάδραση'). Χωρίς αυτόν, ένα n_eff ≈ 1.7 μοιάζει με αποτυχία ενώ είναι επιτυχία: το κύκλωμα εισάγει ισχυρή μη γραμμικότητα (Hill n=4 στο TetR) και η ανάδραση την ακυρώνει, επιστρέφοντας την έξοδο στο σχήμα της εισόδου. ΤΟ ΣΩΣΤΟ ΚΡΙΤΗΡΙΟ: n_eff(με ανάδραση) έναντι n_eff(χωρίς) — ΟΧΙ n_eff έναντι 1.

Sheet Παράμετροι_Μοντέλου
A1: Παράμετροι του merged μοντέλου — τιμές, μονάδες, προέλευση
A2: ΣΥΜΒΑΣΗ ΑΠΟΙΚΟΔΟΜΗΣΗΣ: κάθε k_deg_* είναι ΚΑΘΑΡΗ πρωτεόλυση· η αραίωση mu προστίθεται ΡΗΤΑ στον νόμο ταχύτητας κάθε αντίδρασης απώλειας — (k_deg_X + mu)·X. Καμία παράμετρος δεν 'περιλαμβάνει ήδη' την αραίωση.
A4: Παράμετρος | B4: Τιμή | C4: Μονάδα | D4: Συνολική απώλεια | E4: Ρόλος | F4: Προέλευση
A5: mu | B5: 0.35 | C5: 1/h | D5: — | E5: αραίωση από κυτταρική διαίρεση | F5: Διπλασιασμός 120 min — αργό άκρο του τυπικού εύρους 90–120 min για S. cerevisiae (Khmelinskii et al. 2012, Suppl. Note 4). ΥΠΟΨΗΦΙΑ ΓΙΑ ΜΕΤΡΗΣΗ: μία καμπύλη OD600 στο δικό μας στέλεχος/μέσο αντικαθιστά τη βιβλιογραφική τιμή.
A6: k_deg_TIP | B6: 1 | C6: 1/h | D6: 1.35 (t½ 31 min) | E6: πρωτεόλυση TIP (sensing modules) | F6: ΣΧΕΔΙΑΣΤΙΚΗ ΕΠΙΛΟΓΗ (t½ ≈ 42 min). Συμπίπτει με τον διάμεσο χρόνο ημιζωής του πρωτεώματος ζύμης (~43 min· Khmelinskii 2012 Note 4, παραπ. Belle et al. 2006 PNAS). Ικανοποιεί το κριτήριο 'TIP clearance αισθητά ταχύτερη από τον διπλασιασμό' (3.9×).
A7: k_deg_TetR | B7: 0.12 | C7: 1/h | D7: 0.47 (t½ 89 min) | E7: πρωτεόλυση TetR | F7: Nevozhay et al. (2009 PNAS), παράμετρος d του simplified model.
A8: delta_w | B8: 0.12 | C8: 1/h | D8: 0.47 (t½ 89 min) | E8: πρωτεόλυση συμπλόκου TIP–TetR | F8: ΠΑΡΑΔΟΧΗ: ίσο με το ελεύθερο TetR. Το δεσμευμένο TetR δεν έχει λόγο να αποικοδομείται διαφορετικά· καμία άμεση βιβλιογραφία.
A9: k_deg_Reporter | B9: 0.01 | C9: 1/h | D9: 0.36 (t½ 116 min) | E9: πρωτεόλυση reporter | F9: ΕΚΤΙΜΗΣΗ (σταθερός reporter, t½ 69 h). Το mu αποτελεί το 97% της απώλειας — άρα ο tandem timer μετράει πρακτικά τον ρυθμό ανάπτυξης.
A10: b | B10: 4 | C10: nM⁻¹h⁻¹ | D10: — | E10: ρυθμός δέσμευσης TIP–TetR | F10: ΔΑΝΕΙΣΜΕΝΟ: στρογγυλοποίηση του ρυθμού δέσμευσης ATc–TetR (Nevozhay 3.6). Χρησιμοποιείται ως ρυθμός δέσμευσης, που είναι ο σωστός του ρόλος — αλλά δεν αφορά το TIP.
A11: u_w | B11: 1 | C11: 1/h | D11: — | E11: ρυθμός αποδέσμευσης TIP–TetR | F11: Ορίζει, μαζί με το b, το Kd = u_w/b = 0.25 nM. ΑΥΤΗ σαρώνεται στο Sweep_Kd.
A12: Kd_TIP-TetR | B12: 0.25 | C12: nM | D12: — | E12: ΠΑΡΑΓΩΓΟ = u_w / b | F12: ΔΕΝ ΥΠΑΡΧΕΙ ως παράμετρος στο SBML — προκύπτει από b και u_w. Χρησιμοποιείται ΜΟΝΟ ως σημείο κανονικοποίησης για το S· δεν αποτελεί ισχυρισμό για την πραγματική συγγένεια TIP–TetR.
A13: K_R | B13: 0.44 | C13: nM | D13: — | E13: TetR–operator (PGAL1-D12/tetO2) | F13: Nevozhay et al. (2009 PNAS 106(13):5123-5128), παράμετρος θ του simplified model (Fig. 2 caption· SI 5.3.2 Eq. 44-45). Ίδιο ακριβώς σύστημα σε yeast. ΠΕΡΙΟΡΙΣΜΟΣ: το θ υποθέτει μηδενική διαρροή (SI 5.3.1) — το P_min προστίθεται ξεχωριστά.
A14: n | B14: 4 | C14: — | D14: — | E14: συνεργατικότητα TetR | F14: Nevozhay et al. (2011, Methods Mol Biol 734 Ch.5, Box 1 Dizzy code). Εύρος 2–4 (2 tetO sites).
A15: P_min | B15: 0.0056 | C15: — | D15: — | E15: διαρροή πλήρως κατεσταλμένου υποκινητή | F15: Nevozhay et al. (2009) SI Table S1: l₂/m = 1.5/270. → FIT LATER από Strain 1 no-induction control (Exp.1).
A16: a_TetR | B16: 50 | C16: nM/h | D16: — | E16: μέγιστος ρυθμός παραγωγής TetR | F16: Nevozhay et al. (2009), παράμετρος a.
... A28: beta_max | B28: 25 | C28: nM/h | D28: — | E28: μέγιστη παραγωγή TIP | F28: Βλ. beta_basal.
A30: Υπόμνημα:
A31: Πράσινο = βιβλιογραφική τιμή, με ρητή παραπομπή
A32: Μπεζ = εκτίμηση ή σχεδιαστική επιλογή, χωρίς άμεση βιβλιογραφία → υποψήφια για Exp.2
A33: Κόκκινο = ανοιχτό ερώτημα, χρειάζεται απόφαση

Sheet Πλέγμα_Στρες
A1: Πλέγμα επιπέδων στρες — απαραίτητο για κάθε γραμμή των sweeps
A2: Κάθε γραμμή ενός sweep sheet απαιτεί ΟΛΟΚΛΗΡΗ καμπύλη dose-response, δηλαδή ένα τρέξιμο ΑΝΑ επίπεδο στρες. 8 επίπεδα × 5 τιμές παραμέτρου × 3 παράμετροι × 2 variants ≈ 240 προσομοιώσεις. Το S ορίζεται ΠΡΟΓΡΑΜΜΑΤΙΣΤΙΚΑ σε κάθε επανάληψη (r[S_id] = τιμή) — ΔΕΝ αλλάζει στο αρχείο. Στο SBML το S_ox και το S_er μένουν 0.
A4: # | B4: ox — S_ox (μM H₂O₂) | C4: er — S_er (μM DTT) | D4: ×EC50 (περίπου) | E4: Σχόλιο
A5: 1 | B5: 10 | C5: 130 | D5: 0.04 / 0.06 | E5: κάτω άκρο· πρακτικά βασική στάθμη
A6: 2 | B6: 20 | C6: 260 | D6: 0.07 / 0.12
A7: 3 | B7: 40 | C7: 500 | D7: 0.15 / 0.23
A8: 4 | B8: 80 | C8: 900 | D8: 0.30 / 0.41
A9: 5 | B9: 150 | C9: 1500 | D9: 0.55 / 0.68
A10: 6 | B10: 271 | C10: 2200 | D10: 1.00 / 1.00 | E10: EC50 — ημι-μέγιστη απόκριση
A11: 7 | B11: 400 | C11: 2800 | D11: 1.48 / 1.27
A12: 8 | B12: 600 | C12: 3300 | D12: 2.21 / 1.50 | E12: ΑΝΩ ΟΡΙΟ — βλ. σημείωση τοξικότητας
A14: ΓΙΑΤΙ ΑΥΤΑ ΤΑ ΟΡΙΑ
A15: ox — άνω όριο 600 μM: ο Dacquay & McMillen (2021) όρισε τα 600 μM ως συγκέντρωση αποκοπής για την προσαρμογή των καμπυλών, επειδή πάνω από εκεί ο φθορισμός ΠΕΦΤΕΙ λόγω τοξικότητας. Το Hill μοντέλο του module είναι μονότονα αύξον και ΔΕΝ περιγράφει καθόλου αυτή την περιοχή. Πειραματικό εύρος του paper: 10¹–10⁴ μM.
A16: er — άνω όριο 3300 μM: στα 5 mM DTT τα κύτταρα σταματούν να πολλαπλασιάζονται (Pincus et al. 2010)· στα 2.2 και 1.5 mM συνεχίζουν. Το 3.3 mM αντιστοιχεί σε ~75% απόκριση κατά το paper. Πειραματικό εύρος: 0.13–7.5 mM.
A17: Οι δύο λόγοι EC50/ανώτατο όριο είναι 0.45 και 0.67 — αρκετά κοντά ώστε τα δύο πλέγματα να καλύπτουν συγκρίσιμη περιοχή της καμπύλης, άρα τα R² και n_eff των δύο variants να συγκρίνονται δίκαια.
A18: ⚠️ ΠΑΡΑΔΟΧΗ: το mu θεωρείται ΣΤΑΘΕΡΟ σε όλο το πλέγμα. Και τα δύο papers αναφέρουν ότι το στρες επιβραδύνει την ανάπτυξη σε υψηλές δόσεις. Δοκιμή ευαισθησίας (mu 0.35→0.2 στο άνω άκρο) μετατοπίζει τα n_eff/R² κατά ~5% αλλά το fold-change κατά +64%. Η κατάταξη είναι ανθεκτική· το fold-change αναφέρεται με επιφύλαξη. Μετρήσιμο από το wet lab.

Sheet Sweep_KR
A1: Sweep — K_R (TetR–operator, PGAL1-D12/tetO2)
A2: Baseline K_R = 0.44 nM (Nevozhay et al. 2009, θ). Σαρώνεται απευθείας η παράμετρος K_R του merged μοντέλου. Μονάδα: nM. Owner: Marifylli.
A4: VARIANT: ox (οξειδωτικό)
A5: Sweep factor | B5: Τιμή παραμέτρου | C5: Τιμή στο SBML (K_R, nM) | D5: n_eff | E5: R² | F5: fold-change | G5: S (R²) | H5: S (n_eff) | I5: S (fold-ch.) | J5: Σημειώσεις
A6: ×0.05 | B6: 0.022 | C6: 0.022 | D6: 1.6939 | E6: 0.9554 | F6: 2.5829 | G6: =IF(OR(E6="",E9=""),"",((E6-E9)/E9)/((B6-B9)/B9)) -> 0.00011016552 | H6: =IF(OR(D6="",D9=""),"",((D6-D9)/D9)/((B6-B9)/B9)) -> -0.0046814142 | I6: =IF(OR(F6="",F9=""),"",((F6-F9)/F9)/((B6-B9)/B9)) -> 0.14662268
A7: ×0.15 | B7: 0.066 | C7: 0.066 | D7: 1.6769 | E7: 0.9539 | F7: 2.8391 | G7: =IF(OR(E7="",E9=""),"",((E7-E9)/E9)/((B7-B9)/B9)) -> 0.0019700188 | H7: =IF(OR(D7="",D9=""),"",((D7-D9)/D9)/((B7-B9)/B9)) -> 0.0066274138 | I7: =IF(OR(F7="",F9=""),"",((F7-F9)/F9)/((B7-B9)/B9)) -> 0.063431951
A8: ×0.75 | B8: 0.33 | C8: 0.33 | D8: 1.6837 | E8: 0.955 | F8: 2.9882 | G8: =IF(OR(E8="",E9=""),"",((E8-E9)/E9)/((B8-B9)/B9)) -> 0.002093145 | H8: =IF(OR(D8="",D9=""),"",((D8-D9)/D9)/((B8-B9)/B9)) -> 0.0064041746 | I8: =IF(OR(F8="",F9=""),"",((F8-F9)/F9)/((B8-B9)/B9)) -> 0.016928255 | J8: ΚΟΙΝΟ ΣΗΜΕΙΟ ΣΥΓΚΡΙΣΗΣ (−25%) — βάση της κατάταξης
A9: ×1 | B9: 0.44 | C9: 0.44 | D9: 1.6864 | E9: 0.9555 | F9: 3.0009 | G9: — | H9: — | I9: — | J9: BASELINE
A10: ×3 | B10: 1.32 | C10: 1.32 | D10: 1.6996 | E10: 0.9582 | F10: 2.9539 | G10: =IF(OR(E10="",E9=""),"",((E10-E9)/E9)/((B10-B9)/B9)) -> 0.0014128728 | H10: =IF(OR(D10="",D9=""),"",((D10-D9)/D9)/((B10-B9)/B9)) -> 0.0039136622 | I10: =IF(OR(F10="",F9=""),"",((F10-F9)/F9)/((B10-B9)/B9)) -> -0.007830984
A11: ×5 | B11: 2.2 | C11: 2.2 | D11: 1.7059 | E11: 0.9598 | F11: 2.8412 | G11: =IF(OR(E11="",E9=""),"",((E11-E9)/E9)/((B11-B9)/B9)) -> 0.0011250654 | H11: =IF(OR(D11="",D9=""),"",((D11-D9)/D9)/((B11-B9)/B9)) -> 0.0028907732 | I11: =IF(OR(F11="",F9=""),"",((F11-F9)/F9)/((B11-B9)/B9)) -> -0.013304342
A14: VARIANT: er (ER stress)
A15: Sweep factor | B15: Τιμή παραμέτρου | C15: Τιμή στο SBML (K_R, nM) | D15: n_eff | E15: R² | F15: fold-change | G15: S (R²) | H15: S (n_eff) | I15: S (fold-ch.) | J15: Σημειώσεις
A16: ×0.05 | B16: 0.022 | C16: 0.022 | D16: 1.9963 | E16: 0.9918 | F16: 2.3954 | G16: =IF(OR(E16="",E19=""),"",((E16-E19)/E19)/((B16-B19)/B19)) -> 0.00010612275 | H16: =IF(OR(D16="",D19=""),"",((D16-D19)/D19)/((B16-B19)/B19)) -> -0.0060989839 | I16: =IF(OR(F16="",F19=""),"",((F16-F19)/F19)/((B16-B19)/B19)) -> 0.14027724
A17: ×0.15 | B17: 0.066 | C17: 0.066 | D17: 1.974 | E17: 0.9916 | F17: 2.624 | G17: =IF(OR(E17="",E19=""),"",((E17-E19)/E19)/((B17-B19)/B19)) -> 0.00035582335 | H17: =IF(OR(D17="",D19=""),"",((D17-D19)/D19)/((B17-B19)/B19)) -> 0.0064015933 | I17: =IF(OR(F17="",F19=""),"",((F17-F19)/F19)/((B17-B19)/B19)) -> 0.059468445
A18: ×0.75 | B18: 0.33 | C18: 0.33 | D18: 1.9816 | E18: 0.9918 | F18: 2.7535 | G18: =IF(OR(E18="",E19=""),"",((E18-E19)/E19)/((B18-B19)/B19)) -> 0.00040326646 | H18: =IF(OR(D18="",D19=""),"",((D18-D19)/D19)/((B18-B19)/B19)) -> 0.0064490125 | I18: =IF(OR(F18="",F19=""),"",((F18-F19)/F19)/((B18-B19)/B19)) -> 0.014762818 | J18: ΚΟΙΝΟ ΣΗΜΕΙΟ ΣΥΓΚΡΙΣΗΣ (−25%) — βάση της κατάταξης
A19: ×1 | B19: 0.44 | C19: 0.44 | D19: 1.9848 | E19: 0.9919 | F19: 2.7637 | G19: — | H19: — | I19: — | J19: BASELINE
A20: ×3 | B20: 1.32 | C20: 1.32 | D20: 1.9999 | E20: 0.9925 | F20: 2.7163 | G20: =IF(OR(E20="",E19=""),"",((E20-E19)/E19)/((B20-B19)/B19)) -> 0.00030244984 | H20: =IF(OR(D20="",D19=""),"",((D20-D19)/D19)/((B20-B19)/B19)) -> 0.0038039097 | I20: =IF(OR(F20="",F19=""),"",((F20-F19)/F19)/((B20-B19)/B19)) -> -0.0085754604
A21: ×5 | B21: 2.2 | C21: 2.2 | D21: 2.0071 | E21: 0.9928 | F21: 2.6135 | G21: =IF(OR(E21="",E19=""),"",((E21-E19)/E19)/((B21-B19)/B19)) -> 0.00022683738 | H21: =IF(OR(D21="",D19=""),"",((D21-D19)/D19)/((B21-B19)/B19)) -> 0.0028088472 | I21: =IF(OR(F21="",F19=""),"",((F21-F19)/F19)/((B21-B19)/B19)) -> -0.013586858
A24: Πηγή / σχόλιο:
A25: Baseline K_R = 0.44 nM: Nevozhay et al. (2009, PNAS 106(13):5123-5128), παράμετρος θ του simplified model (Fig. 2 caption· SI 5.3.2 Eq. 44-45). Προτιμάται έναντι Kamionka et al. (2004, 0.18 nM) επειδή προέρχεται από fit στο ΙΔΙΟ PGAL1-D12/tetO2 σύστημα σε yeast, όχι in vitro σε απομονωμένο TetR-tetO. Συγκλίνουσες υποστηρικτικές πηγές (ίδια τάξη μεγέθους): Kamionka 2004 (0.18 nM), Aleksandrov 2008 (~10 pM), Hillen & Berens 1994 (~5 pM, δευτερογενής). ΠΕΡΙΟΡΙΣΜΟΣ: το θ υποθέτει ρητά μηδενική διαρροή (SI 5.3.1) — το P_min προστίθεται ξεχωριστά στην εξίσωση παραγωγής. Οριστική τιμή από fit στο Exp.2 (graded galactose titration).
A27: Υπόμνημα:
A28: Κίτρινο = γέμισέ το μετά το τρέξιμο (μία ολόκληρη καμπύλη dose-response ανά γραμμή)
A29: Μπεζ = baseline
A30: Πράσινο = κοινό σημείο σύγκρισης −25%, υπάρχει και στα τρία sweeps

Sheet Sweep_Kd_TIPTetR
A1: Sweep — Kd_TIP-TetR (δέσμευση TIP στο TetR)
A2: Baseline Kd = 0.25 nM. ⚠️ ΔΕΝ ΥΠΑΡΧΕΙ παράμετρος 'Kd' στο SBML — προκύπτει ως u_w/b. Σαρώνεται το u_w με b = 4 nM⁻¹h⁻¹ ΣΤΑΘΕΡΟ, άρα Kd = u_w/4. Μονάδα: nM. Owner: Ιωάννα.
A4: VARIANT: ox (οξειδωτικό)
A5: Sweep factor | B5: Τιμή παραμέτρου | C5: Τιμή στο SBML (u_w, 1/h) | D5: n_eff | E5: R² | F5: fold-change | G5: S (R²) | H5: S (n_eff) | I5: S (fold-ch.) | J5: Σημειώσεις
A6: ×0.01 | B6: 0.0025 | C6: 0.01 | D6: 1.6939 | E6: 0.9573 | F6: 3.3474 | G6: =IF(OR(E6="",E9=""),"",((E6-E9)/E9)/((B6-B9)/B9)) -> -0.001902859 | H6: =IF(OR(D6="",D9=""),"",((D6-D9)/D9)/((B6-B9)/B9)) -> -0.0044922661 | I6: =IF(OR(F6="",F9=""),"",((F6-F9)/F9)/((B6-B9)/B9)) -> -0.11663168
A7: ×0.1 | B7: 0.025 | C7: 0.1 | D7: 1.6927 | E7: 0.9569 | F7: 3.2976 | G7: =IF(OR(E7="",E9=""),"",((E7-E9)/E9)/((B7-B9)/B9)) -> -0.0016280016 | H7: =IF(OR(D7="",D9=""),"",((D7-D9)/D9)/((B7-B9)/B9)) -> -0.0041508539 | I7: =IF(OR(F7="",F9=""),"",((F7-F9)/F9)/((B7-B9)/B9)) -> -0.10985593
A8: ×0.75 | B8: 0.1875 | C8: 0.75 | D8: 1.6874 | E8: 0.9557 | F8: 3.0621 | G8: =IF(OR(E8="",E9=""),"",((E8-E9)/E9)/((B8-B9)/B9)) -> -0.00083725798 | H8: =IF(OR(D8="",D9=""),"",((D8-D9)/D9)/((B8-B9)/B9)) -> -0.0023719165 | I8: =IF(OR(F8="",F9=""),"",((F8-F9)/F9)/((B8-B9)/B9)) -> -0.081575527 | J8: ΚΟΙΝΟ ΣΗΜΕΙΟ ΣΥΓΚΡΙΣΗΣ (−25%) — βάση της κατάταξης
A9: ×1 | B9: 0.25 | C9: 1 | D9: 1.6864 | E9: 0.9555 | F9: 3.0009 | G9: — | H9: — | I9: — | J9: BASELINE — η τιμή που ΗΔΗ έχει το μοντέλο (b=4, u_w=1)
A10: ×10 | B10: 2.5 | C10: 10 | D10: 1.6877 | E10: 0.9562 | F10: 2.1956 | G10: =IF(OR(E10="",E9=""),"",((E10-E9)/E9)/((B10-B9)/B9)) -> 8.1400081e-05 | H10: =IF(OR(D10="",D9=""),"",((D10-D9)/D9)/((B10-B9)/B9)) -> 8.5652541e-05 | I10: =IF(OR(F10="",F9=""),"",((F10-F9)/F9)/((B10-B9)/B9)) -> -0.029816981
A11: ×100 | B11: 25 | C11: 100 | D11: 1.699 | E11: 0.9609 | F11: 1.2766 | G11: =IF(OR(E11="",E9=""),"",((E11-E9)/E9)/((B11-B9)/B9)) -> 5.7085771e-05 | H11: =IF(OR(D11="",D9=""),"",((D11-D9)/D9)/((B11-B9)/B9)) -> 7.5470071e-05 | I11: =IF(OR(F11="",F9=""),"",((F11-F9)/F9)/((B11-B9)/B9)) -> -0.0058039827
A14: VARIANT: er (ER stress)
A15: Sweep factor | B15: Τιμή παραμέτρου | C15: Τιμή στο SBML (u_w, 1/h) | D15: n_eff | E15: R² | F15: fold-change | G15: S (R²) | H15: S (n_eff) | I15: S (fold-ch.) | J15: Σημειώσεις
A16: ×0.01 | B16: 0.0025 | C16: 0.01 | D16: 1.9932 | E16: 0.9923 | F16: 3.0644 | G16: =IF(OR(E16="",E19=""),"",((E16-E19)/E19)/((B16-B19)/B19)) -> -0.00040733986 | H16: =IF(OR(D16="",D19=""),"",((D16-D19)/D19)/((B16-B19)/B19)) -> -0.0042749136 | I16: =IF(OR(F16="",F19=""),"",((F16-F19)/F19)/((B16-B19)/B19)) -> -0.10990244
A17: ×0.1 | B17: 0.025 | C17: 0.1 | D17: 1.9917 | E17: 0.9923 | F17: 3.0216 | G17: =IF(OR(E17="",E19=""),"",((E17-E19)/E19)/((B17-B19)/B19)) -> -0.00044807384 | H17: =IF(OR(D17="",D19=""),"",((D17-D19)/D19)/((B17-B19)/B19)) -> -0.0038626898 | I17: =IF(OR(F17="",F19=""),"",((F17-F19)/F19)/((B17-B19)/B19)) -> -0.10368548
A18: ×0.75 | B18: 0.1875 | C18: 0.75 | D18: 1.9859 | E18: 0.992 | F18: 2.8172 | G18: =IF(OR(E18="",E19=""),"",((E18-E19)/E19)/((B18-B19)/B19)) -> -0.00040326646 | H18: =IF(OR(D18="",D19=""),"",((D18-D19)/D19)/((B18-B19)/B19)) -> -0.002216848 | I18: =IF(OR(F18="",F19=""),"",((F18-F19)/F19)/((B18-B19)/B19)) -> -0.077432428 | J18: ΚΟΙΝΟ ΣΗΜΕΙΟ ΣΥΓΚΡΙΣΗΣ (−25%) — βάση της κατάταξης
A19: ×1 | B19: 0.25 | C19: 1 | D19: 1.9848 | E19: 0.9919 | F19: 2.7637 | G19: — | H19: — | I19: — | J19: BASELINE — η τιμή που ΗΔΗ έχει το μοντέλο (b=4, u_w=1)
A20: ×10 | B20: 2.5 | C20: 10 | D20: 1.9866 | E20: 0.9921 | F20: 2.0526 | G20: =IF(OR(E20="",E19=""),"",((E20-E19)/E19)/((B20-B19)/B19)) -> 2.2403692e-05 | H20: =IF(OR(D20="",D19=""),"",((D20-D19)/D19)/((B20-B19)/B19)) -> 0.00010076582 | I20: =IF(OR(F20="",F19=""),"",((F20-F19)/F19)/((B20-B19)/B19)) -> -0.028588888
A21: ×100 | B21: 25 | C21: 100 | D21: 1.999 | E21: 0.9931 | F21: 1.2419 | G21: =IF(OR(E21="",E19=""),"",((E21-E19)/E19)/((B21-B19)/B19)) -> 1.2220196e-05 | H21: =IF(OR(D21="",D19=""),"",((D21-D19)/D19)/((B21-B19)/B19)) -> 7.2266396e-05 | I21: =IF(OR(F21="",F19=""),"",((F21-F19)/F19)/((B21-B19)/B19)) -> -0.0055620064
A24: Πηγή / σχόλιο:
A25: Το Kd δεν υπάρχει ως παράμετρος: το binding μοντελοποιείται δυναμικά με b = 4 nM⁻¹h⁻¹ και u_w = 1 h⁻¹, άρα Kd = u_w/b = 0.25 nM. Αυτή η τιμή υπάρχει ΗΔΗ de facto στο μοντέλο — απλώς δεν ήταν δηλωμένη πουθενά (επαληθεύτηκε: μηδέν εμφανίσεις της συμβολοσειράς 'Kd' σε όλα τα αρχεία). Το b = 4 είναι στρογγυλοποίηση του ρυθμού δέσμευσης ATc–TetR του Nevozhay (3.6) — χρησιμοποιείται ΜΟΝΟ ως σημείο κανονικοποίησης, δεν αποτελεί ισχυρισμό για την πραγματική συγγένεια TIP–TetR, που παραμένει άγνωστη. ΕΠΙΛΟΓΗ ΠΑΡΑΜΕΤΡΟΠΟΙΗΣΗΣ: επαληθεύτηκε αριθμητικά ότι η σάρωση του u_w (b σταθερό) και η σάρωση του b (u_w σταθερό) δίνουν ταυτόσημα n_eff και R² (διαφορά <0.01 σε 4 τάξεις μεγέθους), γιατί η δέσμευση παραμένει σε quasi-steady-state σε όλο το εύρος (k_obs = 15–536 h⁻¹ έναντι ρυθμών κύκλου 0.35–1.35 h⁻¹). Το FOLD-CHANGE όμως ΔΕΝ συγκλίνει στο σφιχτό άκρο (21.7% από το όριο QSSA) — αναφέρεται ρητά ως εξαρτώμενο από b = 4. Οριστική τιμή είτε από docking (PyMOL) είτε από fit στο Exp.2.
A27: Υπόμνημα:
A28: Κίτρινο = γέμισέ το μετά το τρέξιμο (μία ολόκληρη καμπύλη dose-response ανά γραμμή)
A29: Μπεζ = baseline
A30: Πράσινο = κοινό σημείο σύγκρισης −25%, υπάρχει και στα τρία sweeps

Sheet Sweep_n
A1: Sweep — n (συνεργατικότητα TetR)
A2: Baseline n = 4 (Nevozhay et al., Dizzy code). Εύρος βιολογικά περιορισμένο 2–4 (2 tetO sites) — ΟΧΙ log-scale: n = 0.4 ή n = 40 δεν έχουν βιολογικό νόημα. Αδιάστατο. Owner: Vicky.
A4: VARIANT: ox (οξειδωτικό)
A5: Sweep factor | B5: Τιμή παραμέτρου | C5: Τιμή στο SBML (n) | D5: n_eff | E5: R² | F5: fold-change | G5: S (R²) | H5: S (n_eff) | I5: S (fold-ch.) | J5: Σημειώσεις
A6: ×0.500 (n=2.0) | B6: 2 | C6: 2 | D6: 1.6889 | E6: 0.9503 | F6: 2.6288 | G6: =IF(OR(E6="",E10=""),"",((E6-E10)/E10)/((B6-B10)/B10)) -> 0.010884354 | H6: =IF(OR(D6="",D10=""),"",((D6-D10)/D10)/((B6-B10)/B10)) -> -0.0029648956 | I6: =IF(OR(F6="",F10=""),"",((F6-F10)/F10)/((B6-B10)/B10)) -> 0.24799227
A7: ×0.625 (n=2.5) | B7: 2.5 | C7: 2.5 | D7: 1.6863 | E7: 0.9521 | F7: 2.755 | G7: =IF(OR(E7="",E10=""),"",((E7-E10)/E10)/((B7-B10)/B10)) -> 0.0094889238 | H7: =IF(OR(D7="",D10=""),"",((D7-D10)/D10)/((B7-B10)/B10)) -> 0.00015812777 | I7: =IF(OR(F7="",F10=""),"",((F7-F10)/F10)/((B7-B10)/B10)) -> 0.21851222
A8: ×0.75 (n=3.0) | B8: 3 | C8: 3 | D8: 1.6857 | E8: 0.9535 | F8: 2.854 | G8: =IF(OR(E8="",E10=""),"",((E8-E10)/E10)/((B8-B10)/B10)) -> 0.0083725798 | H8: =IF(OR(D8="",D10=""),"",((D8-D10)/D10)/((B8-B10)/B10)) -> 0.0016603416 | I8: =IF(OR(F8="",F10=""),"",((F8-F10)/F10)/((B8-B10)/B10)) -> 0.19580792 | J8: ΚΟΙΝΟ ΣΗΜΕΙΟ ΣΥΓΚΡΙΣΗΣ (−25%) — βάση της κατάταξης
A9: ×0.875 (n=3.5) | B9: 3.5 | C9: 3.5 | D9: 1.6859 | E9: 0.9546 | F9: 2.9343 | G9: =IF(OR(E9="",E10=""),"",((E9-E10)/E10)/((B9-B10)/B10)) -> 0.0075353218 | H9: =IF(OR(D9="",D10=""),"",((D9-D10)/D10)/((B9-B10)/B10)) -> 0.0023719165 | I9: =IF(OR(F9="",F10=""),"",((F9-F10)/F10)/((B9-B10)/B10)) -> 0.17754674
A10: ×1 (n=4.0) | B10: 4 | C10: 4 | D10: 1.6864 | E10: 0.9555 | F10: 3.0009 | G10: — | H10: — | I10: — | J10: BASELINE
A13: VARIANT: er (ER stress)
A14: Sweep factor | B14: Τιμή παραμέτρου | C14: Τιμή στο SBML (n) | D14: n_eff | E14: R² | F14: fold-change | G14: S (R²) | H14: S (n_eff) | I14: S (fold-ch.) | J14: Σημειώσεις
A15: ×0.500 (n=2.0) | B15: 2 | C15: 2 | D15: 1.9886 | E15: 0.9906 | F15: 2.4458 | G15: =IF(OR(E15="",E19=""),"",((E15-E19)/E19)/((B15-B19)/B19)) -> 0.002621232 | H15: =IF(OR(D15="",D19=""),"",((D15-D19)/D19)/((B15-B19)/B19)) -> -0.0038291012 | I15: =IF(OR(F15="",F19=""),"",((F15-F19)/F19)/((B15-B19)/B19)) -> 0.23005391
A16: ×0.625 (n=2.5) | B16: 2.5 | C16: 2.5 | D16: 1.9852 | E16: 0.9911 | F16: 2.554 | G16: =IF(OR(E16="",E19=""),"",((E16-E19)/E19)/((B16-B19)/B19)) -> 0.0021507544 | H16: =IF(OR(D16="",D19=""),"",((D16-D19)/D19)/((B16-B19)/B19)) -> -0.00053741771 | I16: =IF(OR(F16="",F19=""),"",((F16-F19)/F19)/((B16-B19)/B19)) -> 0.20233745
A17: ×0.75 (n=3.0) | B17: 3 | C17: 3 | D17: 1.9843 | E17: 0.9914 | F17: 2.6386 | G17: =IF(OR(E17="",E19=""),"",((E17-E19)/E19)/((B17-B19)/B19)) -> 0.0020163323 | H17: =IF(OR(D17="",D19=""),"",((D17-D19)/D19)/((B17-B19)/B19)) -> 0.0010076582 | I17: =IF(OR(F17="",F19=""),"",((F17-F19)/F19)/((B17-B19)/B19)) -> 0.18106162 | J17: ΚΟΙΝΟ ΣΗΜΕΙΟ ΣΥΓΚΡΙΣΗΣ (−25%) — βάση της κατάταξης
A18: ×0.875 (n=3.5) | B18: 3.5 | C18: 3.5 | D18: 1.9843 | E18: 0.9917 | F18: 2.707 | G18: =IF(OR(E18="",E19=""),"",((E18-E19)/E19)/((B18-B19)/B19)) -> 0.0016130658 | H18: =IF(OR(D18="",D19=""),"",((D18-D19)/D19)/((B18-B19)/B19)) -> 0.0020153164 | I18: =IF(OR(F18="",F19=""),"",((F18-F19)/F19)/((B18-B19)/B19)) -> 0.1641278
A19: ×1 (n=4.0) | B19: 4 | C19: 4 | D19: 1.9848 | E19: 0.9919 | F19: 2.7637 | G19: — | H19: — | I19: — | J19: BASELINE
A22: Πηγή / σχόλιο:
A23: n = 4 από Nevozhay et al. (2011, Methods Mol Biol 734, Ch.5, Box 1, Dizzy code: 'n=4 // Hill coefficient'). Εύρος 2–4 λόγω 2 tetO sites. ⚠️ ΠΡΟΣΟΧΗ ΣΤΗ ΣΥΓΚΡΙΣΗ: το εύρος του n είναι κατ' ανάγκη πολύ στενότερο από των binding constants. Επειδή το S κανονικοποιεί με το σχετικό βήμα, ένα MAX|S| θα ευνοούσε συστηματικά το n (~7× έναντι K_R, ~70× έναντι Kd) χωρίς καμία βιολογική αιτία. Γι' αυτό η κατάταξη χρησιμοποιεί το κοινό σημείο ×0.75. Το στενό εύρος ΔΕΝ είναι σφάλμα — είναι σωστή βιολογική επιλογή που απλώς δεν συνδυάζεται με MAX|S|.
A25: Υπόμνημα:
A26: Κίτρινο = γέμισέ το μετά το τρέξιμο (μία ολόκληρη καμπύλη dose-response ανά γραμμή)
A27: Μπεζ = baseline
A28: Πράσινο = κοινό σημείο σύγκρισης −25%, υπάρχει και στα τρία sweeps

Sheet Μάρτυρας_ΧωρίςΑνάδραση
A1: Comparison circuit — γραμμικοποιεί το κύκλωμα;
A2: Το ερώτημα «γραμμικοποιεί;» ΔΕΝ απαντιέται συγκρίνοντας το n_eff με το 1. Απαντιέται συγκρίνοντας το κύκλωμα με τον ΜΑΡΤΥΡΑ ΧΩΡΙΣ ΑΝΑΔΡΑΣΗ: ίδιο μοντέλο, αλλά το TetR παράγεται με σταθερό ρυθμό αντί να αυτορυθμίζεται (a_TetR·P_fixed αντί a_TetR·P). Αυτό είναι το comparison circuit που προέβλεπε το GAMEPLAN.
A4: VARIANT: ox
A5: Κύκλωμα | B5: n_eff | C5: R² (γραμμ.) | D5: fold-change | E5: Σχόλιο
A6: ΕΙΣΟΔΟΣ beta(S) | B6: 1.7 | C6: 0.9631 | D6: 4.1172 | E6: το σήμα στρες όπως το παράγει ο αισθητήρας — σημείο αναφοράς
A7: ΧΩΡΙΣ ανάδραση (μάρτυρας) | B7: 3.1591 | C7: 0.7839 | D7: 17.6428 | E7: το κύκλωμα ΕΠΙΔΕΙΝΩΝΕΙ την είσοδο: προσθέτει δική του μη γραμμικότητα (Hill n=4 στο TetR)
A8: ΜΕ ανάδραση (ICHNOS) | B8: 1.6864 | C8: 0.9555 | D8: 3.0009 | E8: η ανάδραση ακυρώνει την πρόσθετη μη γραμμικότητα — η έξοδος επιστρέφει στο σχήμα της εισόδου
A9: → ΑΠΟΤΕΛΕΣΜΑ ox: n_eff 3.16 → 1.69 (−47%) · R² 0.784 → 0.956 · κόστος: fold-change 17.6× → 3.0×
A12: VARIANT: er
A13: Κύκλωμα | B13: n_eff | C13: R² (γραμμ.) | D13: fold-change | E13: Σχόλιο
A14: ΕΙΣΟΔΟΣ beta(S) | B14: 2 | C14: 0.9935 | D14: 3.7175 | E14: το σήμα στρες όπως το παράγει ο αισθητήρας — σημείο αναφοράς
A15: ΧΩΡΙΣ ανάδραση (μάρτυρας) | B15: 3.7588 | C15: 0.901 | D15: 17.4873 | E15: το κύκλωμα ΕΠΙΔΕΙΝΩΝΕΙ την είσοδο: προσθέτει δική του μη γραμμικότητα (Hill n=4 στο TetR)
A16: ΜΕ ανάδραση (ICHNOS) | B16: 1.9848 | C16: 0.9919 | D16: 2.7637 | E16: η ανάδραση ακυρώνει την πρόσθετη μη γραμμικότητα — η έξοδος επιστρέφει στο σχήμα της εισόδου
A17: → ΑΠΟΤΕΛΕΣΜΑ er: n_eff 3.76 → 1.98 (−47%) · R² 0.901 → 0.992 · κόστος: fold-change 17.5× → 2.8×
A20: ΜΕΘΟΔΟΣ ΜΑΡΤΥΡΑ
A21: Ο μάρτυρας διαφέρει ΜΟΝΟ στον όρο παραγωγής TetR: a_TetR·P_fixed αντί a_TetR·P, όπου P_fixed ισούται με το P του πλήρους κυκλώματος στο χαμηλότερο επίπεδο στρες — ώστε τα δύο κυκλώματα να ξεκινούν από το ίδιο βασικό TetR και η σύγκριση να αφορά καθαρά το ΣΧΗΜΑ.
A22: Το TIP εξακολουθεί να δεσμεύει TetR και το P εξακολουθεί να οδηγεί τον reporter. Αφαιρείται ΜΟΝΟ η αυτορύθμιση του TetR — δηλαδή ακριβώς ο μηχανισμός γραμμικοποίησης του Nevozhay et al. (2009).
A23: Το πλήρες κύκλωμα υπολογίστηκε με roadrunner επί των merged_*.sbml. Ο μάρτυρας απαιτεί δομική αλλαγή (όχι απλή αλλαγή παραμέτρου) και υλοποιήθηκε ως ισοδύναμο σύστημα ODE· επαληθεύτηκε ότι με ενεργή ανάδραση αναπαράγει το roadrunner στο 4ο δεκαδικό.
A24: ⚠️ ΓΙΑ ΤΟ WIKI: το ότι το n_eff της εξόδου ταιριάζει με το n_ox/n_er του αισθητήρα ΔΕΝ σημαίνει «το κύκλωμα δεν κάνει τίποτα». Σημαίνει ότι η έξοδος αναπαράγει πιστά το σήμα στρες χωρίς πρόσθετη παραμόρφωση — που είναι ακριβώς ο ορισμός του γραμμικοποιητή. Ο μάρτυρας το αποδεικνύει.

Sheet Ranking_Σύνθεση
A1: Φάση 4 — Ranking & Σύνθεση (wiki Section 6)
A2: Η κατάταξη βασίζεται στο |S| του R² στο ΚΟΙΝΟ ΣΗΜΕΙΟ ×0.75 (−25%), που υπάρχει και στα τρία sweeps. Το MAX|S| είναι ΔΙΑΓΝΩΣΤΙΚΟ μόνο: ευνοεί συστηματικά την παράμετρο με το στενότερο πλέγμα (εδώ το n) και ΔΕΝ πρέπει να χρησιμοποιηθεί για σύγκριση μεταξύ παραμέτρων.
A4: VARIANT: ox
A5: Παράμετρος | B5: Owner | C5: Variant | D5: |S| στο ×0.75 (R²) | E5: Κατάταξη | F5: MAX|S| (διαγνωστικό) | G5: Σύνδεση με Exp.2 / POC prioritization
A6: K_R (TetR–operator) | B6: Marifylli | C6: ox | D6: =IF(Sweep_KR!G8="","",ABS(Sweep_KR!G8)) -> 0.002093145 | E6: =IF(COUNT($D$6:$D$8)<3,"",_xlfn.IFS(D6=MAX($D$6:$D$8),"1 (πιο ευαίσθητη)",D6=MIN($D$6:$D$8),"3 (λιγότερο ευαίσθητη)",TRUE(),"2 (ενδιάμεση)")) -> 2 (ενδιάμεση) | F6: =IF(COUNT(Sweep_KR!G6,Sweep_KR!G7,Sweep_KR!G8,Sweep_KR!G10,Sweep_KR!G11)=0,"",MAX(ABS(Sweep_KR!G6),ABS(Sweep_KR!G7),ABS(Sweep_KR!G8),ABS(Sweep_KR!G10),ABS(Sweep_KR!G11))) -> 0.002093145
A7: Kd_TIP-TetR (TIP–TetR) | B7: Ιωάννα | C7: ox | D7: =IF(Sweep_Kd_TIPTetR!G8="","",ABS(Sweep_Kd_TIPTetR!G8)) -> 0.00083725798 | E7: =IF(COUNT($D$6:$D$8)<3,"",_xlfn.IFS(D7=MAX($D$6:$D$8),"1 (πιο ευαίσθητη)",D7=MIN($D$6:$D$8),"3 (λιγότερο ευαίσθητη)",TRUE(),"2 (ενδιάμεση)")) -> 3 (λιγότερο ευαίσθητη) | F7: =IF(COUNT(Sweep_Kd_TIPTetR!G6,Sweep_Kd_TIPTetR!G7,Sweep_Kd_TIPTetR!G8,Sweep_Kd_TIPTetR!G10,Sweep_Kd_TIPTetR!G11)=0,"",MAX(ABS(Sweep_Kd_TIPTetR!G6),ABS(Sweep_Kd_TIPTetR!G7),ABS(Sweep_Kd_TIPTetR!G8),ABS(Sweep_Kd_TIPTetR!G10),ABS(Sweep_Kd_TIPTetR!G11))) -> 0.001902859
A8: n (συνεργατικότητα TetR) | B8: Vicky | C8: ox | D8: =IF(Sweep_n!G8="","",ABS(Sweep_n!G8)) -> 0.0083725798 | E8: =IF(COUNT($D$6:$D$8)<3,"",_xlfn.IFS(D8=MAX($D$6:$D$8),"1 (πιο ευαίσθητη)",D8=MIN($D$6:$D$8),"3 (λιγότερο ευαίσθητη)",TRUE(),"2 (ενδιάμεση)")) -> 1 (πιο ευαίσθητη) | F8: =IF(COUNT(Sweep_n!G6,Sweep_n!G7,Sweep_n!G8,Sweep_n!G9)=0,"",MAX(ABS(Sweep_n!G6),ABS(Sweep_n!G7),ABS(Sweep_n!G8),ABS(Sweep_n!G9))) -> 0.010884354
A11: VARIANT: er
A12: Παράμετρος | B12: Owner | C12: Variant | D12: |S| στο ×0.75 (R²) | E12: Κατάταξη | F12: MAX|S| (διαγνωστικό) | G12: Σύνδεση με Exp.2 / POC prioritization
A13: K_R (TetR–operator) | B13: Marifylli | C13: er | D13: =IF(Sweep_KR!G18="","",ABS(Sweep_KR!G18)) -> 0.00040326646 | E13: =IF(COUNT($D$13:$D$15)<3,"",_xlfn.IFS(D13=MAX($D$13:$D$15),"1 (πιο ευαίσθητη)",D13=MIN($D$13:$D$15),"3 (λιγότερο ευαίσθητη)",TRUE(),"2 (ενδιάμεση)")) -> 3 (λιγότερο ευαίσθητη) | F13: =IF(COUNT(Sweep_KR!G16,Sweep_KR!G17,Sweep_KR!G18,Sweep_KR!G20,Sweep_KR!G21)=0,"",MAX(ABS(Sweep_KR!G16),ABS(Sweep_KR!G17),ABS(Sweep_KR!G18),ABS(Sweep_KR!G20),ABS(Sweep_KR!G21))) -> 0.00040326646
A14: Kd_TIP-TetR (TIP–TetR) | B14: Ιωάννα | C14: er | D14: =IF(Sweep_Kd_TIPTetR!G18="","",ABS(Sweep_Kd_TIPTetR!G18)) -> 0.00040326646 | E14: =IF(COUNT($D$13:$D$15)<3,"",_xlfn.IFS(D14=MAX($D$13:$D$15),"1 (πιο ευαίσθητη)",D14=MIN($D$13:$D$15),"3 (λιγότερο ευαίσθητη)",TRUE(),"2 (ενδιάμεση)")) -> 3 (λιγότερο ευαίσθητη) | F14: =IF(COUNT(Sweep_Kd_TIPTetR!G16,Sweep_Kd_TIPTetR!G17,Sweep_Kd_TIPTetR!G18,Sweep_Kd_TIPTetR!G20,Sweep_Kd_TIPTetR!G21)=0,"",MAX(ABS(Sweep_Kd_TIPTetR!G16),ABS(Sweep_Kd_TIPTetR!G17),ABS(Sweep_Kd_TIPTetR!G18),ABS(Sweep_Kd_TIPTetR!G20),ABS(Sweep_Kd_TIPTetR!G21))) -> 0.00044807384
A15: n (συνεργατικότητα TetR) | B15: Vicky | C15: er | D15: =IF(Sweep_n!G17="","",ABS(Sweep_n!G17)) -> 0.0020163323 | E15: =IF(COUNT($D$13:$D$15)<3,"",_xlfn.IFS(D15=MAX($D$13:$D$15),"1 (πιο ευαίσθητη)",D15=MIN($D$13:$D$15),"3 (λιγότερο ευαίσθητη)",TRUE(),"2 (ενδιάμεση)")) -> 1 (πιο ευαίσθητη) | F15: =IF(COUNT(Sweep_n!G15,Sweep_n!G16,Sweep_n!G17,Sweep_n!G18)=0,"",MAX(ABS(Sweep_n!G15),ABS(Sweep_n!G16),ABS(Sweep_n!G17),ABS(Sweep_n!G18))) -> 0.002621232
A18: Σημειώσεις:
A19: Η στήλη 'Κατάταξη' μένει ΚΕΝΗ μέχρι να γεμίσουν και οι τρεις τιμές του variant — δεν εμφανίζει κατάταξη πάνω σε μηδενικά.
A20: Η στήλη 'Σύνδεση με Exp.2' συμπληρώνεται χειροκίνητα με βάση το POC prioritization doc.
A21: Αν η κατάταξη διαφέρει μεταξύ ox και er, αυτό είναι ΑΠΟΤΕΛΕΣΜΑ, όχι σφάλμα: τα δύο κυκλώματα έχουν διαφορετικό n_ox/n_er (1.7 vs 2) και διαφορετική κλίμακα στρες.
A22: ΣΥΝΙΣΤΑΤΑΙ να αναφερθεί στο wiki και το fold-change δίπλα στην κατάταξη: μια παράμετρος μπορεί να μην επηρεάζει τη γραμμικότητα και ταυτόχρονα να καθορίζει αν το σήμα είναι καν ανιχνεύσιμο. Το Kd είναι ακριβώς τέτοια περίπτωση.
A24: ΑΠΟΤΕΛΕΣΜΑΤΑ — 2026-08-22 (34 καμπύλες, 272 προσομοιώσεις, roadrunner επί merged_*.sbml)
A25: 1) Η ΓΡΑΜΜΙΚΟΠΟΙΗΣΗ ΔΟΥΛΕΥΕΙ. Σύγκριση με τον μάρτυρα χωρίς ανάδραση (φύλλο 'Μάρτυρας_ΧωρίςΑνάδραση'): n_eff 3.16→1.69 (ox) και 3.76→1.98 (er), μείωση ~47%. R² 0.784→0.956 (ox) και 0.901→0.992 (er). Χωρίς την ανάδραση το κύκλωμα ΕΠΙΔΕΙΝΩΝΕΙ την είσοδο· με αυτήν, η έξοδος επιστρέφει στο σχήμα του σήματος στρες.
A26: 2) ΤΟ ΑΠΟΤΕΛΕΣΜΑ ΕΙΝΑΙ ΕΥΡΩΣΤΟ. Και τα τρία |S| < 0.01: μεταβολές των Kd, K_R, n σε τάξεις μεγέθους αφήνουν τη γραμμικοποίηση ουσιαστικά αμετάβλητη. Αυτό ΔΕΝ σημαίνει ότι οι παράμετροι δεν μετράνε — σημαίνει ότι το κύκλωμα λειτουργεί σε κορεσμό γραμμικοποίησης, ακριβώς όπως προβλέπει ο Nevozhay et al. (2009) για τον linearizer.
A27: 3) ΤΟ KD ΚΥΡΙΑΡΧΕΙ ΣΤΟ ΠΛΑΤΟΣ. Το fold-change μεταβάλλεται 2.6× στο Kd sweep (3.35→1.28) έναντι μόλις 1.15× για K_R και n. Στο Kd = 25 nM το σήμα πέφτει σε 1.28× — πρακτικά μη ανιχνεύσιμο. Με τα δύο αρχικά μετρικά το Kd θα είχε καταταγεί ΤΕΛΕΥΤΑΙΟ· είναι στην πραγματικότητα η παράμετρος που καθορίζει αν θα δούμε σήμα.
A28: 4) ΓΙΑ ΤΟ Exp.2: προτεραιότητα στον πειραματικό προσδιορισμό του Kd_TIP-TetR (docking ή fit), όχι του K_R.
A29: 5) ΚΟΣΤΟΣ ΤΗΣ ΓΡΑΜΜΙΚΟΠΟΙΗΣΗΣ: δυναμικό εύρος 17.6×→3.0× (ox) και 17.5×→2.8× (er). Γνωστή ανταλλαγή των linearizers (γραμμικότητα έναντι πλάτους) — πρέπει να δηλωθεί, δεν είναι έκπληξη.
A30: ⚠️ ΠΡΟΣΟΧΗ ΣΤΗΝ ΚΑΤΑΤΑΞΗ: με |S| αυτής της τάξης οι διαφορές μεταξύ των τριών είναι στο επίπεδο του αριθμητικού θορύβου του Hill fit. Η κατάταξη ΔΕΝ πρέπει να παρουσιαστεί ως ισχυρό συμπέρασμα. Τα ισχυρά συμπεράσματα είναι τα (1), (2) και (3).
